[{"phoneNumber":"0181123117","name":"Calee Gasca","vaccinationStatus":1,"age":"81"},{"phoneNumber":"0164037567","name":"Louis Flowers","vaccinationStatus":1,"age":"50"},{"phoneNumber":"0164866775","name":"Sonny Medeiros","vaccinationStatus":1,"age":"83"},{"phoneNumber":"0142861408","name":"Jocelynn Overton","vaccinationStatus":1,"age":"97"},{"phoneNumber":"0198461002","name":"Jaydyn Hageman","vaccinationStatus":1,"age":"96"},{"phoneNumber":"0198956289","name":"Jocelyne Caro","vaccinationStatus":1,"age":"0"},{"phoneNumber":"0162219088","name":"Kyiah Kayser","vaccinationStatus":1,"age":"28"},{"phoneNumber":"0142141701","name":"Yair Alarcon","vaccinationStatus":1,"age":"44"},{"phoneNumber":"0145138883","name":"Caeden Bostick","vaccinationStatus":1,"age":"51"},{"phoneNumber":"0161439941","name":"Virgil Ostrowski","vaccinationStatus":1,"age":"65"},{"phoneNumber":"0182596652","name":"Aaron Diaz","vaccinationStatus":1,"age":"18"},{"phoneNumber":"0124727286","name":"Josiah Cruz","vaccinationStatus":1,"age":"92"},{"phoneNumber":"0127959634","name":"Alasia Wargo","vaccinationStatus":1,"age":"43"},{"phoneNumber":"0167293086","name":"Sydnie Rost","vaccinationStatus":1,"age":"14"},{"phoneNumber":"0145885311","name":"Harlem Sun","vaccinationStatus":1,"age":"42"},{"phoneNumber":"0146164244","name":"Rashard Wen","vaccinationStatus":1,"age":"50"},{"phoneNumber":"0148606249","name":"Graeme Turpin","vaccinationStatus":1,"age":"21"},{"phoneNumber":"0164668913","name":"Angel Gates","vaccinationStatus":1,"age":"16"},{"phoneNumber":"0124834931","name":"Zaara Lagunas","vaccinationStatus":1,"age":"75"},{"phoneNumber":"0196699907","name":"Jahaziel Hinman","vaccinationStatus":1,"age":"93"},{"phoneNumber":"0142215587","name":"Kayleen Trahan","vaccinationStatus":1,"age":"43"},{"phoneNumber":"0121099848","name":"Tea Boldt","vaccinationStatus":1,"age":"6"},{"phoneNumber":"0162392414","name":"Arianah Mapp","vaccinationStatus":1,"age":"9"},{"phoneNumber":"0164355832","name":"Kinnley Towle","vaccinationStatus":1,"age":"7"},{"phoneNumber":"0196338913","name":"Maiyah Ensley","vaccinationStatus":1,"age":"8"},{"phoneNumber":"0166974260","name":"Haizley Isley","vaccinationStatus":1,"age":"48"},{"phoneNumber":"0184135806","name":"Payten Winchester","vaccinationStatus":1,"age":"8"},{"phoneNumber":"0197942618","name":"Maizy Spalding","vaccinationStatus":1,"age":"55"},{"phoneNumber":"0191098857","name":"Viktoria Hodgson","vaccinationStatus":1,"age":"96"},{"phoneNumber":"0123842448","name":"Raylie Mcalpin","vaccinationStatus":1,"age":"51"},{"phoneNumber":"0127064869","name":"Jediah Markowski","vaccinationStatus":1,"age":"12"},{"phoneNumber":"0143671454","name":"Kye Borden","vaccinationStatus":1,"age":"76"},{"phoneNumber":"0145767527","name":"Darey Pendergast","vaccinationStatus":1,"age":"37"},{"phoneNumber":"0143625695","name":"Nakai Crossman","vaccinationStatus":1,"age":"19"},{"phoneNumber":"0122335497","name":"Joud Heron","vaccinationStatus":1,"age":"65"},{"phoneNumber":"0145255660","name":"Zeppelin Laplante","vaccinationStatus":1,"age":"72"},{"phoneNumber":"0165863577","name":"Heba Roemer","vaccinationStatus":1,"age":"41"},{"phoneNumber":"0121293382","name":"Taylen Badillo","vaccinationStatus":1,"age":"31"},{"phoneNumber":"0181391838","name":"Adilynn Siegel","vaccinationStatus":1,"age":"16"},{"phoneNumber":"0142558265","name":"Brycen Petty","vaccinationStatus":1,"age":"25"},{"phoneNumber":"0129839846","name":"Maylynn Oyler","vaccinationStatus":1,"age":"24"},{"phoneNumber":"0199458631","name":"Saida Strack","vaccinationStatus":1,"age":"68"},{"phoneNumber":"0127326697","name":"Eleen Alfano","vaccinationStatus":1,"age":"25"},{"phoneNumber":"0124106270","name":"Avyan Byerly","vaccinationStatus":1,"age":"5"},{"phoneNumber":"0169181243","name":"Demond Harness","vaccinationStatus":1,"age":"62"},{"phoneNumber":"0181728879","name":"Sylvie Ruth","vaccinationStatus":1,"age":"33"},{"phoneNumber":"0182967462","name":"Kristian Barrios","vaccinationStatus":1,"age":"97"},{"phoneNumber":"0128158670","name":"Eliot Durrett","vaccinationStatus":1,"age":"16"},{"phoneNumber":"0184244567","name":"Torrance Dinardo","vaccinationStatus":1,"age":"94"},{"phoneNumber":"0184952243","name":"Oliva Buzzard","vaccinationStatus":1,"age":"24"},{"phoneNumber":"0162137659","name":"Arabelle Monk","vaccinationStatus":1,"age":"47"},{"phoneNumber":"0167452613","name":"Witten Gearhart","vaccinationStatus":1,"age":"76"},{"phoneNumber":"0186778486","name":"Ella Cooper","vaccinationStatus":1,"age":"34"},{"phoneNumber":"0194806994","name":"Cypress Livengood","vaccinationStatus":1,"age":"54"},{"phoneNumber":"0124586502","name":"Dalayza Spitz","vaccinationStatus":1,"age":"50"},{"phoneNumber":"0166229774","name":"Azura Blackmore","vaccinationStatus":1,"age":"41"},{"phoneNumber":"0185282016","name":"Nathanael Villalobos","vaccinationStatus":1,"age":"55"},{"phoneNumber":"0194245359","name":"Sanaa Watt","vaccinationStatus":1,"age":"69"},{"phoneNumber":"0128362940","name":"Jakayden Manis","vaccinationStatus":1,"age":"98"},{"phoneNumber":"0167372171","name":"Rogue Rutland","vaccinationStatus":1,"age":"15"},{"phoneNumber":"0167719722","name":"Eli Creasy","vaccinationStatus":1,"age":"25"},{"phoneNumber":"0122649167","name":"Dex Whisenhunt","vaccinationStatus":1,"age":"47"},{"phoneNumber":"0166951372","name":"Emalee Moua","vaccinationStatus":1,"age":"16"},{"phoneNumber":"0191525890","name":"Korbin Hamm","vaccinationStatus":1,"age":"69"},{"phoneNumber":"0143071450","name":"Londyn Nord","vaccinationStatus":1,"age":"60"},{"phoneNumber":"0195032256","name":"Geovanni Ahrens","vaccinationStatus":1,"age":"98"},{"phoneNumber":"0165344222","name":"Juelz Boudreaux","vaccinationStatus":1,"age":"42"},{"phoneNumber":"0164914734","name":"Anh Stelly","vaccinationStatus":1,"age":"56"},{"phoneNumber":"0196583438","name":"Grant Shelton","vaccinationStatus":1,"age":"74"},{"phoneNumber":"0163075543","name":"Austyn Mccune","vaccinationStatus":1,"age":"71"},{"phoneNumber":"0199229429","name":"Aaniyah Ligon","vaccinationStatus":1,"age":"88"},{"phoneNumber":"0143094207","name":"Avalee Leighton","vaccinationStatus":1,"age":"65"},{"phoneNumber":"0192488579","name":"Aries Orlando","vaccinationStatus":1,"age":"49"},{"phoneNumber":"0188313063","name":"Lara Link","vaccinationStatus":1,"age":"19"},{"phoneNumber":"0129319877","name":"Cameron Costello","vaccinationStatus":1,"age":"44"},{"phoneNumber":"0192052832","name":"Jhett Volk","vaccinationStatus":1,"age":"16"},{"phoneNumber":"0198382365","name":"Ainslee Blackwood","vaccinationStatus":1,"age":"26"},{"phoneNumber":"0143577528","name":"Blair Reyna","vaccinationStatus":1,"age":"66"},{"phoneNumber":"0162634640","name":"Kingston Williamson","vaccinationStatus":1,"age":"11"},{"phoneNumber":"0189337801","name":"Kiran Eskridge","vaccinationStatus":1,"age":"62"},{"phoneNumber":"0186242483","name":"Harris Seals","vaccinationStatus":1,"age":"79"},{"phoneNumber":"0187291483","name":"Marwan Gandhi","vaccinationStatus":1,"age":"63"},{"phoneNumber":"0164832892","name":"Aubriella Mansfield","vaccinationStatus":1,"age":"96"},{"phoneNumber":"0167708113","name":"Corvin Barbieri","vaccinationStatus":1,"age":"90"},{"phoneNumber":"0145394161","name":"Amaia Scherer","vaccinationStatus":1,"age":"43"},{"phoneNumber":"0129929407","name":"Natalee Aviles","vaccinationStatus":1,"age":"18"},{"phoneNumber":"0148577327","name":"Tariah Fowlkes","vaccinationStatus":1,"age":"57"},{"phoneNumber":"0191873468","name":"Apryl Grote","vaccinationStatus":1,"age":"4"},{"phoneNumber":"0198206868","name":"Tanay Noles","vaccinationStatus":1,"age":"95"},{"phoneNumber":"0184684702","name":"Kaylon Ingham","vaccinationStatus":1,"age":"38"},{"phoneNumber":"0144287692","name":"Viana Towner","vaccinationStatus":1,"age":"6"},{"phoneNumber":"0192352760","name":"Royce Edward","vaccinationStatus":1,"age":"38"},{"phoneNumber":"0186546777","name":"Jamia Donley","vaccinationStatus":1,"age":"85"},{"phoneNumber":"0188681279","name":"Brylynn Cipriano","vaccinationStatus":1,"age":"26"},{"phoneNumber":"0128903676","name":"Jimena Ponce","vaccinationStatus":1,"age":"14"},{"phoneNumber":"0125231930","name":"Acen Alvares","vaccinationStatus":1,"age":"33"},{"phoneNumber":"0196319013","name":"Jaqueline Broughton","vaccinationStatus":1,"age":"21"},{"phoneNumber":"0144231663","name":"Braven Folk","vaccinationStatus":1,"age":"11"},{"phoneNumber":"0186933030","name":"Elani Jurado","vaccinationStatus":1,"age":"76"},{"phoneNumber":"0127196531","name":"Ron Ousley","vaccinationStatus":1,"age":"36"},{"phoneNumber":"0196396570","name":"Hamad Chabot","vaccinationStatus":1,"age":"3"},{"phoneNumber":"0125031365","name":"September Kratzer","vaccinationStatus":1,"age":"31"},{"phoneNumber":"0183141291","name":"Amanda Mcdowell","vaccinationStatus":1,"age":"54"},{"phoneNumber":"0163819312","name":"Malka Winslow","vaccinationStatus":1,"age":"56"},{"phoneNumber":"0124019597","name":"Brian Dominguez","vaccinationStatus":1,"age":"30"},{"phoneNumber":"0194733139","name":"Dewayne Thatcher","vaccinationStatus":1,"age":"25"},{"phoneNumber":"0124657512","name":"Alayah Mayfield","vaccinationStatus":1,"age":"37"},{"phoneNumber":"0195497803","name":"Solara Parkin","vaccinationStatus":1,"age":"40"},{"phoneNumber":"0168833386","name":"Gianna Larson","vaccinationStatus":1,"age":"22"},{"phoneNumber":"0142148353","name":"Payson Hargrave","vaccinationStatus":1,"age":"29"},{"phoneNumber":"0194575243","name":"Jameria Lipinski","vaccinationStatus":1,"age":"6"},{"phoneNumber":"0191524890","name":"Denisse Matson","vaccinationStatus":1,"age":"48"},{"phoneNumber":"0143388817","name":"Blessin Jepson","vaccinationStatus":1,"age":"66"},{"phoneNumber":"0123794333","name":"Layne Peterman","vaccinationStatus":1,"age":"3"},{"phoneNumber":"0199277968","name":"Quinton Gustafson","vaccinationStatus":1,"age":"17"},{"phoneNumber":"0143505071","name":"Aniah Jonas","vaccinationStatus":1,"age":"90"},{"phoneNumber":"0169567736","name":"Ceasar Burlingame","vaccinationStatus":1,"age":"65"},{"phoneNumber":"0121504485","name":"Hamza Saldana","vaccinationStatus":1,"age":"84"},{"phoneNumber":"0141475490","name":"Lauren Newman","vaccinationStatus":1,"age":"3"},{"phoneNumber":"0149055851","name":"Zaki Massa","vaccinationStatus":1,"age":"36"},{"phoneNumber":"0127639536","name":"Journey Kirk","vaccinationStatus":1,"age":"78"},{"phoneNumber":"0149186276","name":"Layana Stutts","vaccinationStatus":1,"age":"98"},{"phoneNumber":"0129874967","name":"Deshawn Brunner","vaccinationStatus":1,"age":"51"},{"phoneNumber":"0169275886","name":"Shaniya Marx","vaccinationStatus":1,"age":"21"},{"phoneNumber":"0186981719","name":"Mika Lander","vaccinationStatus":1,"age":"71"},{"phoneNumber":"0123111249","name":"Jace Griffin","vaccinationStatus":1,"age":"46"},{"phoneNumber":"0145773575","name":"Aylani Gormley","vaccinationStatus":1,"age":"2"},{"phoneNumber":"0196301695","name":"Adia Pleasant","vaccinationStatus":1,"age":"70"},{"phoneNumber":"0185642859","name":"Adison Albritton","vaccinationStatus":1,"age":"98"},{"phoneNumber":"0197587925","name":"Jireh Mortenson","vaccinationStatus":1,"age":"35"},{"phoneNumber":"0189741952","name":"Kaori Cavallo","vaccinationStatus":1,"age":"61"},{"phoneNumber":"0199149956","name":"Legend Mulkey","vaccinationStatus":1,"age":"81"},{"phoneNumber":"0127191588","name":"Cam Langdon","vaccinationStatus":1,"age":"83"},{"phoneNumber":"0165377012","name":"Sampson Engler","vaccinationStatus":1,"age":"85"},{"phoneNumber":"0145759355","name":"Azael Jaimes","vaccinationStatus":1,"age":"74"},{"phoneNumber":"0127467192","name":"Logan White","vaccinationStatus":1,"age":"30"},{"phoneNumber":"0184209981","name":"Dariela Haider","vaccinationStatus":1,"age":"63"},{"phoneNumber":"0162626132","name":"Gage Waters","vaccinationStatus":1,"age":"39"},{"phoneNumber":"0184468077","name":"Erwin Bosworth","vaccinationStatus":1,"age":"6"},{"phoneNumber":"0187623681","name":"Jamal Irvin","vaccinationStatus":1,"age":"75"},{"phoneNumber":"0141165717","name":"Kysen Redmon","vaccinationStatus":1,"age":"87"},{"phoneNumber":"0127039410","name":"Micayla Kell","vaccinationStatus":1,"age":"86"},{"phoneNumber":"0184276730","name":"Braxtin Lampert","vaccinationStatus":1,"age":"52"},{"phoneNumber":"0199383802","name":"Hayden Potter","vaccinationStatus":1,"age":"74"},{"phoneNumber":"0168622099","name":"Menaal Thibeault","vaccinationStatus":1,"age":"98"},{"phoneNumber":"0145783689","name":"Elisabeth Teague","vaccinationStatus":1,"age":"72"},{"phoneNumber":"0186652053","name":"Cerenity Barreto","vaccinationStatus":1,"age":"27"},{"phoneNumber":"0192866459","name":"Braelee Coots","vaccinationStatus":1,"age":"93"},{"phoneNumber":"0124295682","name":"Messiah Farina","vaccinationStatus":1,"age":"16"},{"phoneNumber":"0184007325","name":"Amin Iglesias","vaccinationStatus":1,"age":"22"},{"phoneNumber":"0145743304","name":"Jayanna Lattimore","vaccinationStatus":1,"age":"39"},{"phoneNumber":"0168202129","name":"Isabelle Vargas","vaccinationStatus":1,"age":"93"},{"phoneNumber":"0198976213","name":"Madix Lakin","vaccinationStatus":1,"age":"59"},{"phoneNumber":"0196417358","name":"Ayson Wilkey","vaccinationStatus":1,"age":"50"},{"phoneNumber":"0145782099","name":"Arnav Haddad","vaccinationStatus":1,"age":"77"},{"phoneNumber":"0122548603","name":"Von Leffler","vaccinationStatus":1,"age":"16"},{"phoneNumber":"0144259175","name":"Christianna Clanton","vaccinationStatus":1,"age":"35"},{"phoneNumber":"0185227555","name":"Noemi Hurtado","vaccinationStatus":1,"age":"61"},{"phoneNumber":"0182202536","name":"Laiba Lennox","vaccinationStatus":1,"age":"44"},{"phoneNumber":"0166349804","name":"Madyson Hoang","vaccinationStatus":1,"age":"58"},{"phoneNumber":"0166209486","name":"Zaniya Collazo","vaccinationStatus":1,"age":"62"},{"phoneNumber":"0123727839","name":"Lynlee Weems","vaccinationStatus":1,"age":"85"},{"phoneNumber":"0194045548","name":"Zeynep Sink","vaccinationStatus":1,"age":"44"},{"phoneNumber":"0124739322","name":"Gisell Ebner","vaccinationStatus":1,"age":"43"},{"phoneNumber":"0161779276","name":"Kallan Leonardo","vaccinationStatus":1,"age":"11"},{"phoneNumber":"0182037939","name":"Lexy Whitehurst","vaccinationStatus":1,"age":"91"},{"phoneNumber":"0147766502","name":"Mikhael Kimbrell","vaccinationStatus":1,"age":"90"},{"phoneNumber":"0189692735","name":"Irving Fahey","vaccinationStatus":1,"age":"56"},{"phoneNumber":"0143114601","name":"Kainoa Dodds","vaccinationStatus":1,"age":"96"},{"phoneNumber":"0122704866","name":"Ariya Sterling","vaccinationStatus":1,"age":"72"},{"phoneNumber":"0147895836","name":"Jabril Gerald","vaccinationStatus":1,"age":"70"},{"phoneNumber":"0126883210","name":"Eiza Laster","vaccinationStatus":1,"age":"35"},{"phoneNumber":"0121981342","name":"Kale Moya","vaccinationStatus":1,"age":"56"},{"phoneNumber":"0188391509","name":"Sincere Dunbar","vaccinationStatus":1,"age":"29"},{"phoneNumber":"0193731820","name":"Krishna Bickel","vaccinationStatus":1,"age":"18"},{"phoneNumber":"0186688817","name":"Jaelyn Mckibben","vaccinationStatus":1,"age":"84"},{"phoneNumber":"0128597686","name":"Alyna Keane","vaccinationStatus":1,"age":"83"},{"phoneNumber":"0197132258","name":"Sherlyn Navarrete","vaccinationStatus":1,"age":"21"},{"phoneNumber":"0141535201","name":"Silvestre Petterson","vaccinationStatus":1,"age":"84"},{"phoneNumber":"0146194531","name":"Sawyer Hunt","vaccinationStatus":1,"age":"38"},{"phoneNumber":"0146884489","name":"Whitten Tunnell","vaccinationStatus":1,"age":"77"},{"phoneNumber":"0183441098","name":"Kyrell Pankey","vaccinationStatus":1,"age":"82"},{"phoneNumber":"0125909446","name":"Magaly Reitz","vaccinationStatus":1,"age":"72"},{"phoneNumber":"0188514412","name":"Masen Rincon","vaccinationStatus":1,"age":"88"},{"phoneNumber":"0145657331","name":"Chanel Seymour","vaccinationStatus":1,"age":"13"},{"phoneNumber":"0163155925","name":"Pavel Santo","vaccinationStatus":1,"age":"85"},{"phoneNumber":"0143189803","name":"Florencia Heyer","vaccinationStatus":1,"age":"16"},{"phoneNumber":"0197349498","name":"Coralee Riordan","vaccinationStatus":1,"age":"10"},{"phoneNumber":"0147697735","name":"Ryne Binns","vaccinationStatus":1,"age":"50"},{"phoneNumber":"0186036811","name":"Aidan Vaughn","vaccinationStatus":1,"age":"40"},{"phoneNumber":"0189069132","name":"Tylor Bly","vaccinationStatus":1,"age":"51"},{"phoneNumber":"0145397925","name":"Milagros Godinez","vaccinationStatus":1,"age":"56"},{"phoneNumber":"0183104870","name":"Messiah Maxwell","vaccinationStatus":1,"age":"93"},{"phoneNumber":"0186069585","name":"Shulem Pagel","vaccinationStatus":1,"age":"1"},{"phoneNumber":"0165669906","name":"Kolbi Doster","vaccinationStatus":1,"age":"57"},{"phoneNumber":"0127845434","name":"Eli Wood","vaccinationStatus":1,"age":"25"},{"phoneNumber":"0123014224","name":"Autum Lowther","vaccinationStatus":1,"age":"90"},{"phoneNumber":"0141007605","name":"Mykah Alfred","vaccinationStatus":1,"age":"10"},{"phoneNumber":"0165612918","name":"Grayson Reed","vaccinationStatus":1,"age":"76"},{"phoneNumber":"0187058567","name":"Leeland Havens","vaccinationStatus":1,"age":"88"}]