[{"vaccine batch number" : 10000},
{"vaccine batch number" : 10001},
{"vaccine batch number" : 10002},
{"vaccine batch number" : 10003},
{"vaccine batch number" : 10004},
{"vaccine batch number" : 10005},
{"vaccine batch number" : 10006},
{"vaccine batch number" : 10007},
{"vaccine batch number" : 10008},
{"vaccine batch number" : 10009},
{"vaccine batch number" : 10010},
{"vaccine batch number" : 10011},
{"vaccine batch number" : 10012},
{"vaccine batch number" : 10013},
{"vaccine batch number" : 10004},
{"vaccine batch number" : 10015},
{"vaccine batch number" : 10016},
{"vaccine batch number" : 10017},
{"vaccine batch number" : 10018},
{"vaccine batch number" : 10019},
{"vaccine batch number" : 10020},
{"vaccine batch number" : 10021},
{"vaccine batch number" : 10022},
{"vaccine batch number" : 10023},
{"vaccine batch number" : 10024},
{"vaccine batch number" : 10025},
{"vaccine batch number" : 10026},
{"vaccine batch number" : 10027},
{"vaccine batch number" : 10028},
{"vaccine batch number" : 10029},
{"vaccine batch number" : 10030},
{"vaccine batch number" : 10031},
{"vaccine batch number" : 10032},
{"vaccine batch number" : 10033},
{"vaccine batch number" : 10034},
{"vaccine batch number" : 10035},
{"vaccine batch number" : 10036},
{"vaccine batch number" : 10037},
{"vaccine batch number" : 10038},
{"vaccine batch number" : 10039},
{"vaccine batch number" : 10040},
{"vaccine batch number" : 10041},
{"vaccine batch number" : 10042},
{"vaccine batch number" : 10043},
{"vaccine batch number" : 10044},
{"vaccine batch number" : 10045},
{"vaccine batch number" : 10046},
{"vaccine batch number" : 10047},
{"vaccine batch number" : 10048},
{"vaccine batch number" : 10049},
{"vaccine batch number" : 10050},
{"vaccine batch number" : 10051},
{"vaccine batch number" : 10052},
{"vaccine batch number" : 10053},
{"vaccine batch number" : 10054},
{"vaccine batch number" : 10055},
{"vaccine batch number" : 10056},
{"vaccine batch number" : 10057},
{"vaccine batch number" : 10058},
{"vaccine batch number" : 10059},
{"vaccine batch number" : 10060},
{"vaccine batch number" : 10061},
{"vaccine batch number" : 10062},
{"vaccine batch number" : 10063},
{"vaccine batch number" : 10064},
{"vaccine batch number" : 10065},
{"vaccine batch number" : 10066},
{"vaccine batch number" : 10067},
{"vaccine batch number" : 10068},
{"vaccine batch number" : 10069},
{"vaccine batch number" : 10070},
{"vaccine batch number" : 10071},
{"vaccine batch number" : 10072},
{"vaccine batch number" : 10073},
{"vaccine batch number" : 10074},
{"vaccine batch number" : 10075},
{"vaccine batch number" : 10076},
{"vaccine batch number" : 10077},
{"vaccine batch number" : 10078},
{"vaccine batch number" : 10079},
{"vaccine batch number" : 10080},
{"vaccine batch number" : 10081},
{"vaccine batch number" : 10082},
{"vaccine batch number" : 10083},
{"vaccine batch number" : 10084},
{"vaccine batch number" : 10085},
{"vaccine batch number" : 10086},
{"vaccine batch number" : 10087},
{"vaccine batch number" : 10088},
{"vaccine batch number" : 10089},
{"vaccine batch number" : 10090},
{"vaccine batch number" : 10091},
{"vaccine batch number" : 10092},
{"vaccine batch number" : 10093},
{"vaccine batch number" : 10094},
{"vaccine batch number" : 10095},
{"vaccine batch number" : 10096},
{"vaccine batch number" : 10097},
{"vaccine batch number" : 10098},
{"vaccine batch number" : 10099},
{"vaccine batch number" : 10100},
{"vaccine batch number" : 10101},
{"vaccine batch number" : 10102},
{"vaccine batch number" : 10103},
{"vaccine batch number" : 10104},
{"vaccine batch number" : 10105},
{"vaccine batch number" : 10106},
{"vaccine batch number" : 10107},
{"vaccine batch number" : 10108},
{"vaccine batch number" : 10109},
{"vaccine batch number" : 10110},
{"vaccine batch number" : 10111},
{"vaccine batch number" : 10112},
{"vaccine batch number" : 10113},
{"vaccine batch number" : 10114},
{"vaccine batch number" : 10115},
{"vaccine batch number" : 10116},
{"vaccine batch number" : 10117},
{"vaccine batch number" : 10118},
{"vaccine batch number" : 10119},
{"vaccine batch number" : 10120},
{"vaccine batch number" : 10121},
{"vaccine batch number" : 10122},
{"vaccine batch number" : 10123},
{"vaccine batch number" : 10124},
{"vaccine batch number" : 10125},
{"vaccine batch number" : 10126},
{"vaccine batch number" : 10127},
{"vaccine batch number" : 10128},
{"vaccine batch number" : 10129},
{"vaccine batch number" : 10130},
{"vaccine batch number" : 10131},
{"vaccine batch number" : 10132},
{"vaccine batch number" : 10133},
{"vaccine batch number" : 10134},
{"vaccine batch number" : 10135},
{"vaccine batch number" : 10136},
{"vaccine batch number" : 10137},
{"vaccine batch number" : 10138},
{"vaccine batch number" : 10139},
{"vaccine batch number" : 10140},
{"vaccine batch number" : 10141},
{"vaccine batch number" : 10142},
{"vaccine batch number" : 10143},
{"vaccine batch number" : 10144},
{"vaccine batch number" : 10145},
{"vaccine batch number" : 10146},
{"vaccine batch number" : 10147},
{"vaccine batch number" : 10148},
{"vaccine batch number" : 10149},
{"vaccine batch number" : 10150},
{"vaccine batch number" : 10151},
{"vaccine batch number" : 10152},
{"vaccine batch number" : 10153},
{"vaccine batch number" : 10154},
{"vaccine batch number" : 10155},
{"vaccine batch number" : 10156},
{"vaccine batch number" : 10157},
{"vaccine batch number" : 10158},
{"vaccine batch number" : 10159},
{"vaccine batch number" : 10160},
{"vaccine batch number" : 10161},
{"vaccine batch number" : 10162},
{"vaccine batch number" : 10163},
{"vaccine batch number" : 10164},
{"vaccine batch number" : 10165},
{"vaccine batch number" : 10166},
{"vaccine batch number" : 10167},
{"vaccine batch number" : 10168},
{"vaccine batch number" : 10169},
{"vaccine batch number" : 10170},
{"vaccine batch number" : 10171},
{"vaccine batch number" : 10172},
{"vaccine batch number" : 10173},
{"vaccine batch number" : 10174},
{"vaccine batch number" : 10175},
{"vaccine batch number" : 10176},
{"vaccine batch number" : 10177},
{"vaccine batch number" : 10178},
{"vaccine batch number" : 10179},
{"vaccine batch number" : 10180},
{"vaccine batch number" : 10181},
{"vaccine batch number" : 10182},
{"vaccine batch number" : 10183},
{"vaccine batch number" : 10184},
{"vaccine batch number" : 10185},
{"vaccine batch number" : 10186},
{"vaccine batch number" : 10187},
{"vaccine batch number" : 10188},
{"vaccine batch number" : 10189},
{"vaccine batch number" : 10190},
{"vaccine batch number" : 10191},
{"vaccine batch number" : 10192},
{"vaccine batch number" : 10193},
{"vaccine batch number" : 10194},
{"vaccine batch number" : 10195},
{"vaccine batch number" : 10196},
{"vaccine batch number" : 10197},
{"vaccine batch number" : 10198},
{"vaccine batch number" : 10199},
{"vaccine batch number" : 10200}]




